{
  "elenco": [
    {
      "nome": "Serena",
      "cognome": "Mude-Koko",
      "id": 4
    },
    {
      "nome": "Alberto",
      "cognome": "Scarsi",
      "id": 5
    },
    {
      "nome": "Mario",
      "cognome": "Rossi",
      "id": 6
    },
    {
      "nome": "Luca",
      "cognome": "Bianchi",
      "id": 7
    },
    {
      "nome": "Giuseppe",
      "cognome": "Verdi",
      "id": 8
    },
    {
      "nome": "Cosimo",
      "cognome": "Gargiullo",
      "id": 10
    },
    {
      "nome": "Riccardo",
      "cognome": "Sennati",
      "id": 11
    },
    {
      "nome": "Francesca",
      "cognome": "Pozzi",
      "id": 12
    },
    {
      "nome": "Laura",
      "cognome": "Gaudencio",
      "id": 13
    },
    {
      "nome": "Alessandra",
      "cognome": "Rossi",
      "id": 14
    }
  ]
}